215,45076,0,0,0,0,0,1,0,0,0,0,0,0,0,0,0,0,1,1,0.00,0.00,0.00,0.00,1.00,0.00,0.00,0,0,0.00,0.00,0.00,0.00,0.00,0.00,0.00,0.00
162,4528,0,0,0,0,0,1,0,0,0,0,0,0,0,0,0,0,2,2,0.00,0.00,0.00,0.00,1.00,0.00,0.00,1,1,1.00,0.00,1.00,0.00,0.00,0.00,0.00,0.00
236,1228,0,0,0,0,0,1,0,0,0,0,0,0,0,0,0,0,1,1,0.00,0.00,0.00,0.00,1.00,0.00,0.00,2,2,1.00,0.00,0.50,0.00,0.00,0.00,0.00,0.00
233,2032,0,0,0,0,0,1,0,0,0,0,0,0,0,0,0,0,2,2,0.00,0.00,0.00,0.00,1.00,0.00,0.00,3,3,1.00,0.00,0.33,0.00,0.00,0.00,0.00,0.00
239,486,0,0,0,0,0,1,0,0,0,0,0,0,0,0,0,0,3,3,0.00,0.00,0.00,0.00,1.00,0.00,0.00,4,4,1.00,0.00,0.25,0.00,0.00,0.00,0.00,0.00
238,1282,0,0,0,0,0,1,0,0,0,0,0,0,0,0,0,0,4,4,0.00,0.00,0.00,0.00,1.00,0.00,0.00,5,5,1.00,0.00,0.20,0.00,0.00,0.00,0.00,0.00
235,1337,0,0,0,0,0,1,0,0,0,0,0,0,0,0,0,0,5,5,0.00,0.00,0.00,0.00,1.00,0.00,0.00,6,6,1.00,0.00,0.17,0.00,0.00,0.00,0.00,0.00
234,1364,0,0,0,0,0,1,0,0,0,0,0,0,0,0,0,0,6,6,0.00,0.00,0.00,0.00,1.00,0.00,0.00,7,7,1.00,0.00,0.14,0.00,0.00,0.00,0.00,0.00
239,1295,0,0,0,0,0,1,0,0,0,0,0,0,0,0,0,0,7,7,0.00,0.00,0.00,0.00,1.00,0.00,0.00,8,8,1.00,0.00,0.12,0.00,0.00,0.00,0.00,0.00
181,5450,0,0,0,0,0,1,0,0,0,0,0,0,0,0,0,0,8,8,0.00,0.00,0.00,0.00,1.00,0.00,0.00,9,9,1.00,0.00,0.11,0.00,0.00,0.00,0.00,0.00
184,124,0,0,0,0,0,1,0,0,0,0,0,0,0,0,0,0,1,1,0.00,0.00,0.00,0.00,1.00,0.00,0.00,10,10,1.00,0.00,0.10,0.00,0.00,0.00,0.00,0.00
185,9020,0,0,0,0,0,1,0,0,0,0,0,0,0,0,0,0,2,2,0.00,0.00,0.00,0.00,1.00,0.00,0.00,11,11,1.00,0.00,0.09,0.00,0.00,0.00,0.00,0.00
239,1295,0,0,0,0,0,1,0,0,0,0,0,0,0,0,0,0,1,1,0.00,0.00,0.00,0.00,1.00,0.00,0.00,12,12,1.00,0.00,0.08,0.00,0.00,0.00,0.00,0.00
181,5450,0,0,0,0,0,1,0,0,0,0,0,0,0,0,0,0,2,2,0.00,0.00,0.00,0.00,1.00,0.00,0.00,13,13,1.00,0.00,0.08,0.00,0.00,0.00,0.00,0.00
236,1228,0,0,0,0,0,1,0,0,0,0,0,0,0,0,0,0,3,3,0.00,0.00,0.00,0.00,1.00,0.00,0.00,14,14,1.00,0.00,0.07,0.00,0.00,0.00,0.00,0.00
233,2032,0,0,0,0,0,1,0,0,0,0,0,0,0,0,0,0,4,4,0.00,0.00,0.00,0.00,1.00,0.00,0.00,15,15,1.00,0.00,0.07,0.00,0.00,0.00,0.00,0.00
238,1282,0,0,0,0,0,1,0,0,0,0,0,0,0,0,0,0,5,5,0.00,0.00,0.00,0.00,1.00,0.00,0.00,16,16,1.00,0.00,0.06,0.00,0.00,0.00,0.00,0.00
235,1337,0,0,0,0,0,1,0,0,0,0,0,0,0,0,0,0,6,6,0.00,0.00,0.00,0.00,1.00,0.00,0.00,17,17,1.00,0.00,0.06,0.00,0.00,0.00,0.00,0.00
234,1364,0,0,0,0,0,1,0,0,0,0,0,0,0,0,0,0,7,7,0.00,0.00,0.00,0.00,1.00,0.00,0.00,18,18,1.00,0.00,0.06,0.00,0.00,0.00,0.00,0.00
239,486,0,0,0,0,0,1,0,0,0,0,0,0,0,0,0,0,8,8,0.00,0.00,0.00,0.00,1.00,0.00,0.00,19,19,1.00,0.00,0.05,0.00,0.00,0.00,0.00,0.00
185,9020,0,0,0,0,0,1,0,0,0,0,0,0,0,0,0,0,1,1,0.00,0.00,0.00,0.00,1.00,0.00,0.00,20,20,1.00,0.00,0.05,0.00,0.00,0.00,0.00,0.00
184,124,0,0,0,0,0,1,0,0,0,0,0,0,0,0,0,0,2,2,0.00,0.00,0.00,0.00,1.00,0.00,0.00,21,21,1.00,0.00,0.05,0.00,0.00,0.00,0.00,0.00
181,5450,0,0,0,0,0,1,0,0,0,0,0,0,0,0,0,0,1,1,0.00,0.00,0.00,0.00,1.00,0.00,0.00,22,22,1.00,0.00,0.05,0.00,0.00,0.00,0.00,0.00
239,1295,0,0,0,0,0,1,0,0,0,0,0,0,0,0,0,0,2,2,0.00,0.00,0.00,0.00,1.00,0.00,0.00,23,23,1.00,0.00,0.04,0.00,0.00,0.00,0.00,0.00
236,1228,0,0,0,0,0,1,0,0,0,0,0,0,0,0,0,0,3,3,0.00,0.00,0.00,0.00,1.00,0.00,0.00,24,24,1.00,0.00,0.04,0.00,0.00,0.00,0.00,0.00
233,2032,0,0,0,0,0,1,0,0,0,0,0,0,0,0,0,0,4,4,0.00,0.00,0.00,0.00,1.00,0.00,0.00,25,25,1.00,0.00,0.04,0.00,0.00,0.00,0.00,0.00
239,486,0,0,0,0,0,1,0,0,0,0,0,0,0,0,0,0,5,5,0.00,0.00,0.00,0.00,1.00,0.00,0.00,26,26,1.00,0.00,0.04,0.00,0.00,0.00,0.00,0.00
238,1282,0,0,0,0,0,1,0,0,0,0,0,0,0,0,0,0,6,6,0.00,0.00,0.00,0.00,1.00,0.00,0.00,27,27,1.00,0.00,0.04,0.00,0.00,0.00,0.00,0.00
234,1364,0,0,0,0,0,1,0,0,0,0,0,0,0,0,0,0,7,7,0.00,0.00,0.00,0.00,1.00,0.00,0.00,28,28,1.00,0.00,0.04,0.00,0.00,0.00,0.00,0.00
235,1337,0,0,0,0,0,1,0,0,0,0,0,0,0,0,0,0,8,8,0.00,0.00,0.00,0.00,1.00,0.00,0.00,29,29,1.00,0.00,0.03,0.00,0.00,0.00,0.00,0.00
215,45076,0,0,0,0,0,1,0,0,0,0,0,0,0,0,0,0,1,4,0.00,0.00,0.00,0.00,1.00,0.00,0.50,30,30,1.00,0.00,0.03,0.00,0.00,0.00,0.00,0.00
162,4528,0,0,0,0,0,1,0,0,0,0,0,0,0,0,0,0,2,5,0.00,0.00,0.00,0.00,1.00,0.00,0.40,31,31,1.00,0.00,0.03,0.00,0.00,0.00,0.00,0.00
146,4528,0,0,0,0,0,1,0,0,0,0,0,0,0,0,0,0,1,1,0.00,0.00,0.00,0.00,1.00,0.00,0.00,32,32,1.00,0.00,0.03,0.00,0.00,0.00,0.00,0.00
199,45076,0,0,0,0,0,1,0,0,0,0,0,0,0,0,0,0,2,2,0.00,0.00,0.00,0.00,1.00,0.00,0.00,33,33,1.00,0.00,0.03,0.00,0.00,0.00,0.00,0.00
165,5450,0,0,0,0,0,1,0,0,0,0,0,0,0,0,0,0,1,1,0.00,0.00,0.00,0.00,1.00,0.00,0.00,34,34,1.00,0.00,0.03,0.00,0.00,0.00,0.00,0.00
223,1295,0,0,0,0,0,1,0,0,0,0,0,0,0,0,0,0,2,2,0.00,0.00,0.00,0.00,1.00,0.00,0.00,35,35,1.00,0.00,0.03,0.00,0.00,0.00,0.00,0.00
220,1228,0,0,0,0,0,1,0,0,0,0,0,0,0,0,0,0,3,3,0.00,0.00,0.00,0.00,1.00,0.00,0.00,36,36,1.00,0.00,0.03,0.00,0.00,0.00,0.00,0.00
217,2032,0,0,0,0,0,1,0,0,0,0,0,0,0,0,0,0,4,4,0.00,0.00,0.00,0.00,1.00,0.00,0.00,37,37,1.00,0.00,0.03,0.00,0.00,0.00,0.00,0.00
218,1364,0,0,0,0,0,1,0,0,0,0,0,0,0,0,0,0,5,5,0.00,0.00,0.00,0.00,1.00,0.00,0.00,38,38,1.00,0.00,0.03,0.00,0.00,0.00,0.00,0.00
219,1337,0,0,0,0,0,1,0,0,0,0,0,0,0,0,0,0,6,6,0.00,0.00,0.00,0.00,1.00,0.00,0.00,39,39,1.00,0.00,0.03,0.00,0.00,0.00,0.00,0.00
222,1282,0,0,0,0,0,1,0,0,0,0,0,0,0,0,0,0,7,7,0.00,0.00,0.00,0.00,1.00,0.00,0.00,40,40,1.00,0.00,0.03,0.00,0.00,0.00,0.00,0.00
223,486,0,0,0,0,0,1,0,0,0,0,0,0,0,0,0,0,8,8,0.00,0.00,0.00,0.00,1.00,0.00,0.00,41,41,1.00,0.00,0.02,0.00,0.00,0.00,0.00,0.00
169,9020,0,0,0,0,0,1,0,0,0,0,0,0,0,0,0,0,1,1,0.00,0.00,0.00,0.00,1.00,0.00,0.00,42,42,1.00,0.00,0.02,0.00,0.00,0.00,0.00,0.00
168,124,0,0,0,0,0,1,0,0,0,0,0,0,0,0,0,0,2,2,0.00,0.00,0.00,0.00,1.00,0.00,0.00,43,43,1.00,0.00,0.02,0.00,0.00,0.00,0.00,0.00
218,1364,0,0,0,0,0,1,0,0,0,0,0,0,0,0,0,0,1,1,0.00,0.00,0.00,0.00,1.00,0.00,0.00,44,44,1.00,0.00,0.02,0.00,0.00,0.00,0.00,0.00
219,1337,0,0,0,0,0,1,0,0,0,0,0,0,0,0,0,0,2,2,0.00,0.00,0.00,0.00,1.00,0.00,0.00,45,45,1.00,0.00,0.02,0.00,0.00,0.00,0.00,0.00
165,5450,0,0,0,0,0,1,0,0,0,0,0,0,0,0,0,0,3,3,0.00,0.00,0.00,0.00,1.00,0.00,0.00,46,46,1.00,0.00,0.02,0.00,0.00,0.00,0.00,0.00
223,1295,0,0,0,0,0,1,0,0,0,0,0,0,0,0,0,0,4,4,0.00,0.00,0.00,0.00,1.00,0.00,0.00,47,47,1.00,0.00,0.02,0.00,0.00,0.00,0.00,0.00
220,1228,0,0,0,0,0,1,0,0,0,0,0,0,0,0,0,0,5,5,0.00,0.00,0.00,0.00,1.00,0.00,0.00,48,48,1.00,0.00,0.02,0.00,0.00,0.00,0.00,0.00
217,2032,0,0,0,0,0,1,0,0,0,0,0,0,0,0,0,0,6,6,0.00,0.00,0.00,0.00,1.00,0.00,0.00,49,49,1.00,0.00,0.02,0.00,0.00,0.00,0.00,0.00
223,486,0,0,0,0,0,1,0,0,0,0,0,0,0,0,0,0,7,7,0.00,0.00,0.00,0.00,1.00,0.00,0.00,50,50,1.00,0.00,0.02,0.00,0.00,0.00,0.00,0.00
222,1282,0,0,0,0,0,1,0,0,0,0,0,0,0,0,0,0,8,8,0.00,0.00,0.00,0.00,1.00,0.00,0.00,51,51,1.00,0.00,0.02,0.00,0.00,0.00,0.00,0.00
168,124,0,0,0,0,0,1,0,0,0,0,0,0,0,0,0,0,1,1,0.00,0.00,0.00,0.00,1.00,0.00,0.00,52,52,1.00,0.00,0.02,0.00,0.00,0.00,0.00,0.00
169,9020,0,0,0,0,0,1,0,0,0,0,0,0,0,0,0,0,2,2,0.00,0.00,0.00,0.00,1.00,0.00,0.00,53,53,1.00,0.00,0.02,0.00,0.00,0.00,0.00,0.00
219,1337,0,0,0,0,0,1,0,0,0,0,0,0,0,0,0,0,1,1,0.00,0.00,0.00,0.00,1.00,0.00,0.00,54,54,1.00,0.00,0.02,0.00,0.00,0.00,0.00,0.00
218,1364,0,0,0,0,0,1,0,0,0,0,0,0,0,0,0,0,2,2,0.00,0.00,0.00,0.00,1.00,0.00,0.00,55,55,1.00,0.00,0.02,0.00,0.00,0.00,0.00,0.00
165,5450,0,0,0,0,0,1,0,0,0,0,0,0,0,0,0,0,3,3,0.00,0.00,0.00,0.00,1.00,0.00,0.00,56,56,1.00,0.00,0.02,0.00,0.00,0.00,0.00,0.00
223,1295,0,0,0,0,0,1,0,0,0,0,0,0,0,0,0,0,4,4,0.00,0.00,0.00,0.00,1.00,0.00,0.00,57,57,1.00,0.00,0.02,0.00,0.00,0.00,0.00,0.00
220,1228,0,0,0,0,0,1,0,0,0,0,0,0,0,0,0,0,5,5,0.00,0.00,0.00,0.00,1.00,0.00,0.00,58,58,1.00,0.00,0.02,0.00,0.00,0.00,0.00,0.00
217,2032,0,0,0,0,0,1,0,0,0,0,0,0,0,0,0,0,6,6,0.00,0.00,0.00,0.00,1.00,0.00,0.00,59,59,1.00,0.00,0.02,0.00,0.00,0.00,0.00,0.00
223,486,0,0,0,0,0,1,0,0,0,0,0,0,0,0,0,0,7,7,0.00,0.00,0.00,0.00,1.00,0.00,0.00,60,60,1.00,0.00,0.02,0.00,0.00,0.00,0.00,0.00
222,1282,0,0,0,0,0,1,0,0,0,0,0,0,0,0,0,0,8,8,0.00,0.00,0.00,0.00,1.00,0.00,0.00,61,61,1.00,0.00,0.02,0.00,0.00,0.00,0.00,0.00
199,45076,0,0,0,0,0,1,0,0,0,0,0,0,0,0,0,0,1,4,0.00,0.00,0.00,0.00,1.00,0.00,0.75,62,62,1.00,0.00,0.02,0.00,0.00,0.00,0.00,0.00
146,4528,0,0,0,0,0,1,0,0,0,0,0,0,0,0,0,0,2,5,0.00,0.00,0.00,0.00,1.00,0.00,0.60,63,63,1.00,0.00,0.02,0.00,0.00,0.00,0.00,0.00
364,11189,0,0,0,0,0,1,0,0,0,0,0,0,0,0,0,0,1,1,0.00,0.00,0.00,0.00,1.00,0.00,0.00,1,64,1.00,0.00,1.00,0.03,0.00,0.00,0.00,0.00
365,4095,0,0,0,0,0,1,0,0,0,0,0,0,0,0,0,0,2,2,0.00,0.00,0.00,0.00,1.00,0.00,0.00,2,65,1.00,0.00,0.50,0.03,0.00,0.00,0.00,0.00
332,3270,0,0,0,0,0,1,0,0,0,0,0,0,0,0,0,0,3,3,0.00,0.00,0.00,0.00,1.00,0.00,0.00,3,66,1.00,0.00,0.33,0.03,0.00,0.00,0.00,0.00
355,11201,0,0,0,0,0,1,0,0,0,0,0,0,0,0,0,0,1,1,0.00,0.00,0.00,0.00,1.00,0.00,0.00,4,67,1.00,0.00,0.25,0.03,0.00,0.00,0.00,0.00
278,957,0,0,0,0,0,1,0,0,0,0,0,0,0,0,0,0,2,2,0.00,0.00,0.00,0.00,1.00,0.00,0.00,5,68,1.00,0.00,0.20,0.03,0.00,0.00,0.00,0.00
212,1940,0,0,0,0,0,1,0,0,0,0,0,0,0,0,0,0,1,2,0.00,0.00,0.00,0.00,1.00,0.00,1.00,1,69,1.00,0.00,1.00,0.04,0.00,0.00,0.00,0.00
204,11099,0,0,0,0,0,1,0,0,0,0,0,0,0,0,0,0,2,3,0.00,0.00,0.00,0.00,1.00,0.00,0.67,2,70,1.00,0.00,0.50,0.04,0.00,0.00,0.00,0.00
202,14983,0,0,0,0,0,1,0,0,0,0,0,0,0,0,0,0,3,6,0.00,0.00,0.00,0.00,1.00,0.00,0.33,3,71,1.00,0.00,0.33,0.04,0.00,0.00,0.00,0.00
203,1818,0,0,0,0,0,1,0,0,0,0,0,0,0,0,0,0,4,8,0.00,0.00,0.00,0.00,1.00,0.00,0.25,4,72,1.00,0.00,0.25,0.04,0.00,0.00,0.00,0.00
204,1163,0,0,0,0,0,1,0,0,0,0,0,0,0,0,0,0,5,10,0.00,0.00,0.00,0.00,1.00,0.00,0.20,5,73,1.00,0.00,0.20,0.04,0.00,0.00,0.00,0.00
203,2235,0,0,0,0,0,1,0,0,0,0,0,0,0,0,0,0,6,12,0.00,0.00,0.00,0.00,1.00,0.00,0.17,6,74,1.00,0.00,0.17,0.04,0.00,0.00,0.00,0.00
203,1122,0,0,0,0,0,1,0,0,0,0,0,0,0,0,0,0,1,1,0.00,0.00,0.00,0.00,1.00,0.00,0.00,7,75,1.00,0.00,0.14,0.04,0.00,0.00,0.00,0.00
208,2260,0,0,0,0,0,1,0,0,0,0,0,0,0,0,0,0,2,2,0.00,0.00,0.00,0.00,1.00,0.00,0.00,8,76,1.00,0.00,0.12,0.04,0.00,0.00,0.00,0.00
205,1619,0,0,0,0,0,1,0,0,0,0,0,0,0,0,0,0,3,3,0.00,0.00,0.00,0.00,1.00,0.00,0.00,9,77,1.00,0.00,0.11,0.04,0.00,0.00,0.00,0.00
207,1583,0,0,0,0,0,1,0,0,0,0,0,0,0,0,0,0,4,4,0.00,0.00,0.00,0.00,1.00,0.00,0.00,10,78,1.00,0.00,0.10,0.04,0.00,0.00,0.00,0.00
159,4087,0,0,0,0,0,1,0,0,0,0,0,0,0,0,0,0,5,5,0.00,0.00,0.00,0.00,1.00,0.00,0.00,11,79,1.00,0.00,0.09,0.04,0.00,0.00,0.00,0.00
209,2260,0,0,0,0,0,1,0,0,0,0,0,0,0,0,0,0,6,6,0.00,0.00,0.00,0.00,1.00,0.00,0.00,12,80,1.00,0.00,0.08,0.04,0.00,0.00,0.00,0.00
206,1619,0,0,0,0,0,1,0,0,0,0,0,0,0,0,0,0,7,7,0.00,0.00,0.00,0.00,1.00,0.00,0.00,13,81,1.00,0.00,0.08,0.04,0.00,0.00,0.00,0.00
229,21195,0,0,0,0,0,1,0,0,0,0,0,0,0,0,0,0,1,1,0.00,0.00,0.00,0.00,1.00,0.00,0.00,1,82,1.00,0.00,1.00,0.05,0.00,0.00,0.00,0.00
239,4426,0,0,0,0,0,1,0,0,0,0,0,0,0,0,0,0,2,2,0.00,0.00,0.00,0.00,1.00,0.00,0.00,2,83,1.00,0.00,0.50,0.05,0.00,0.00,0.00,0.00
257,1738,0,0,0,0,0,1,0,0,0,0,0,0,0,0,0,0,3,3,0.00,0.00,0.00,0.00,1.00,0.00,0.00,3,84,1.00,0.00,0.33,0.05,0.00,0.00,0.00,0.00
230,11084,0,0,0,0,0,1,0,0,0,0,0,0,0,0,0,0,4,4,0.00,0.00,0.00,0.00,1.00,0.00,0.00,4,85,1.00,0.00,0.25,0.05,0.00,0.00,0.00,0.00
232,8509,0,0,0,0,0,1,0,0,0,0,0,0,0,0,0,0,5,5,0.00,0.00,0.00,0.00,1.00,0.00,0.00,5,86,1.00,0.00,0.20,0.05,0.00,0.00,0.00,0.00
173,7235,0,0,0,0,0,1,0,0,0,0,0,0,0,0,0,0,6,6,0.00,0.00,0.00,0.00,1.00,0.00,0.00,6,87,1.00,0.00,0.17,0.05,0.00,0.00,0.00,0.00
241,3198,0,0,0,0,0,1,0,0,0,0,0,0,0,0,0,0,7,7,0.00,0.00,0.00,0.00,1.00,0.00,0.00,7,88,1.00,0.00,0.14,0.05,0.00,0.00,0.00,0.00
210,151,0,0,0,0,0,1,0,0,0,0,0,0,0,0,0,0,8,8,0.00,0.00,0.00,0.00,1.00,0.00,0.00,8,89,1.00,0.00,0.12,0.04,0.00,0.00,0.00,0.00
229,9385,0,0,0,0,0,1,0,0,0,0,0,0,0,0,0,0,9,9,0.00,0.00,0.00,0.00,1.00,0.00,0.00,9,90,1.00,0.00,0.11,0.04,0.00,0.00,0.00,0.00
230,8948,0,0,0,0,0,1,0,0,0,0,0,0,0,0,0,0,10,10,0.00,0.00,0.00,0.00,1.00,0.00,0.00,10,91,1.00,0.00,0.10,0.04,0.00,0.00,0.00,0.00
210,627,0,0,0,0,0,1,0,0,0,0,0,0,0,0,0,0,1,1,0.00,0.00,0.00,0.00,1.00,0.00,0.00,1,92,1.00,0.00,1.00,0.05,0.00,0.00,0.00,0.00
216,1675,0,0,0,0,0,1,0,0,0,0,0,0,0,0,0,0,2,2,0.00,0.00,0.00,0.00,1.00,0.00,0.00,2,93,1.00,0.00,0.50,0.05,0.00,0.00,0.00,0.00
215,764,0,0,0,0,0,1,0,0,0,0,0,0,0,0,0,0,3,3,0.00,0.00,0.00,0.00,1.00,0.00,0.00,3,94,1.00,0.00,0.33,0.05,0.00,0.00,0.00,0.00
212,1402,0,0,0,0,0,1,0,0,0,0,0,0,0,0,0,0,4,4,0.00,0.00,0.00,0.00,1.00,0.00,0.00,4,95,1.00,0.00,0.25,0.05,0.00,0.00,0.00,0.00
212,1482,0,0,0,0,0,1,0,0,0,0,0,0,0,0,0,0,5,5,0.00,0.00,0.00,0.00,1.00,0.00,0.00,5,96,1.00,0.00,0.20,0.05,0.00,0.00,0.00,0.00
213,7812,0,0,0,0,0,1,0,0,0,0,0,0,0,0,0,0,6,6,0.00,0.00,0.00,0.00,1.00,0.00,0.00,6,97,1.00,0.00,0.17,0.05,0.00,0.00,0.00,0.00
213,9556,0,0,0,0,0,1,0,0,0,0,0,0,0,0,0,0,7,7,0.00,0.00,0.00,0.00,1.00,0.00,0.00,7,98,1.00,0.00,0.14,0.05,0.00,0.00,0.00,0.00
212,786,0,0,0,1,0,1,0,0,0,0,0,0,0,0,0,0,8,8,0.00,0.00,0.00,0.00,1.00,0.00,0.00,8,99,1.00,0.00,0.12,0.05,0.00,0.00,0.00,0.00
212,1559,0,0,0,1,0,1,0,0,0,0,0,0,0,0,0,0,9,9,0.00,0.00,0.00,0.00,1.00,0.00,0.00,9,100,1.00,0.00,0.11,0.05,0.00,0.00,0.00,0.00
212,1414,0,0,0,0,0,1,0,0,0,0,0,0,0,0,0,0,10,10,0.00,0.00,0.00,0.00,1.00,0.00,0.00,10,101,1.00,0.00,0.10,0.05,0.00,0.00,0.00,0.00
212,1523,0,0,0,0,0,1,0,0,0,0,0,0,0,0,0,0,11,11,0.00,0.00,0.00,0.00,1.00,0.00,0.00,11,102,1.00,0.00,0.09,0.05,0.00,0.00,0.00,0.00
212,1444,0,0,0,0,0,1,0,0,0,0,0,0,0,0,0,0,12,12,0.00,0.00,0.00,0.00,1.00,0.00,0.00,12,103,1.00,0.00,0.08,0.05,0.00,0.00,0.00,0.00
210,583,0,0,0,0,0,1,0,0,0,0,0,0,0,0,0,0,13,13,0.00,0.00,0.00,0.00,1.00,0.00,0.00,13,104,1.00,0.00,0.08,0.05,0.00,0.00,0.00,0.00
209,3008,0,0,0,0,0,1,0,0,0,0,0,0,0,0,0,0,14,14,0.00,0.00,0.00,0.00,1.00,0.00,0.00,14,105,1.00,0.00,0.07,0.05,0.00,0.00,0.00,0.00
210,556,0,0,0,0,0,1,0,0,0,0,0,0,0,0,0,0,15,15,0.00,0.00,0.00,0.00,1.00,0.00,0.00,15,106,1.00,0.00,0.07,0.05,0.00,0.00,0.00,0.00
210,513,0,0,0,0,0,1,0,0,0,0,0,0,0,0,0,0,16,16,0.00,0.00,0.00,0.00,1.00,0.00,0.00,16,107,1.00,0.00,0.06,0.05,0.00,0.00,0.00,0.00
212,294,0,0,0,0,0,1,0,0,0,0,0,0,0,0,0,0,17,17,0.00,0.00,0.00,0.00,1.00,0.00,0.00,17,108,1.00,0.00,0.06,0.05,0.00,0.00,0.00,0.00
210,624,0,0,0,0,0,1,0,0,0,0,0,0,0,0,0,0,18,18,0.00,0.00,0.00,0.00,1.00,0.00,0.00,18,109,1.00,0.00,0.06,0.05,0.00,0.00,0.00,0.00
212,1471,0,0,0,0,0,1,0,0,0,0,0,0,0,0,0,0,19,19,0.00,0.00,0.00,0.00,1.00,0.00,0.00,19,110,1.00,0.00,0.05,0.05,0.00,0.00,0.00,0.00
214,296,0,0,0,0,0,1,0,0,0,0,0,0,0,0,0,0,20,20,0.00,0.00,0.00,0.00,1.00,0.00,0.00,20,111,1.00,0.00,0.05,0.05,0.00,0.00,0.00,0.00
213,920,0,0,0,0,0,1,0,0,0,0,0,0,0,0,0,0,21,21,0.00,0.00,0.00,0.00,1.00,0.00,0.00,21,112,1.00,0.00,0.05,0.04,0.00,0.00,0.00,0.00
212,1631,0,0,0,0,0,1,0,0,0,0,0,0,0,0,0,0,22,22,0.00,0.00,0.00,0.00,1.00,0.00,0.00,22,113,1.00,0.00,0.05,0.04,0.00,0.00,0.00,0.00
210,505,0,0,0,0,0,1,0,0,0,0,0,0,0,0,0,0,23,23,0.00,0.00,0.00,0.00,1.00,0.00,0.00,23,114,1.00,0.00,0.04,0.04,0.00,0.00,0.00,0.00
210,598,0,0,0,0,0,1,0,0,0,0,0,0,0,0,0,0,24,24,0.00,0.00,0.00,0.00,1.00,0.00,0.00,24,115,1.00,0.00,0.04,0.04,0.00,0.00,0.00,0.00
210,774,0,0,0,0,0,1,0,0,0,0,0,0,0,0,0,0,25,25,0.00,0.00,0.00,0.00,1.00,0.00,0.00,25,116,1.00,0.00,0.04,0.04,0.00,0.00,0.00,0.00
213,523,0,0,0,0,0,1,0,0,0,0,0,0,0,0,0,0,26,26,0.00,0.00,0.00,0.00,1.00,0.00,0.00,26,117,1.00,0.00,0.04,0.04,0.00,0.00,0.00,0.00
209,1693,0,0,0,0,0,1,0,0,0,0,0,0,0,0,0,0,27,27,0.00,0.00,0.00,0.00,1.00,0.00,0.00,27,118,1.00,0.00,0.04,0.04,0.00,0.00,0.00,0.00
177,1985,0,0,0,0,0,1,0,0,0,0,0,0,0,0,0,0,1,1,0.00,0.00,0.00,0.00,1.00,0.00,0.00,28,119,1.00,0.00,0.04,0.04,0.00,0.00,0.00,0.00
229,10352,0,0,0,0,0,1,0,0,0,0,0,0,0,0,0,0,2,2,0.00,0.00,0.00,0.00,1.00,0.00,0.00,29,120,1.00,0.00,0.03,0.04,0.00,0.00,0.00,0.00
179,1007,0,0,0,0,0,1,0,0,0,0,0,0,0,0,0,0,3,3,0.00,0.00,0.00,0.00,1.00,0.00,0.00,30,121,1.00,0.00,0.03,0.04,0.00,0.00,0.00,0.00
221,827,0,0,0,0,0,1,0,0,0,0,0,0,0,0,0,0,4,4,0.00,0.00,0.00,0.00,1.00,0.00,0.00,31,122,1.00,0.00,0.03,0.04,0.00,0.00,0.00,0.00
222,861,0,0,0,0,0,1,0,0,0,0,0,0,0,0,0,0,5,5,0.00,0.00,0.00,0.00,1.00,0.00,0.00,32,123,1.00,0.00,0.03,0.04,0.00,0.00,0.00,0.00
223,781,0,0,0,0,0,1,0,0,0,0,0,0,0,0,0,0,6,6,0.00,0.00,0.00,0.00,1.00,0.00,0.00,33,124,1.00,0.00,0.03,0.04,0.00,0.00,0.00,0.00
224,296,0,0,0,0,0,1,0,0,0,0,0,0,0,0,0,0,7,7,0.00,0.00,0.00,0.00,1.00,0.00,0.00,34,125,1.00,0.00,0.03,0.04,0.00,0.00,0.00,0.00
221,808,0,0,0,0,0,1,0,0,0,0,0,0,0,0,0,0,8,8,0.00,0.00,0.00,0.00,1.00,0.00,0.00,35,126,1.00,0.00,0.03,0.04,0.00,0.00,0.00,0.00
222,762,0,0,0,0,0,1,0,0,0,0,0,0,0,0,0,0,9,9,0.00,0.00,0.00,0.00,1.00,0.00,0.00,36,127,1.00,0.00,0.03,0.04,0.00,0.00,0.00,0.00
222,763,0,0,0,0,0,1,0,0,0,0,0,0,0,0,0,0,10,10,0.00,0.00,0.00,0.00,1.00,0.00,0.00,37,128,1.00,0.00,0.03,0.04,0.00,0.00,0.00,0.00
222,773,0,0,0,0,0,1,0,0,0,0,0,0,0,0,0,0,11,11,0.00,0.00,0.00,0.00,1.00,0.00,0.00,38,129,1.00,0.00,0.03,0.04,0.00,0.00,0.00,0.00
176,3114,0,0,0,0,0,1,0,0,0,0,0,0,0,0,0,0,12,12,0.00,0.00,0.00,0.00,1.00,0.00,0.00,39,130,1.00,0.00,0.03,0.04,0.00,0.00,0.00,0.00
229,1911,0,0,0,0,0,1,0,0,0,0,0,0,0,0,0,0,13,13,0.00,0.00,0.00,0.00,1.00,0.00,0.00,40,131,1.00,0.00,0.03,0.04,0.00,0.00,0.00,0.00
228,8595,0,0,0,0,0,1,0,0,0,0,0,0,0,0,0,0,14,14,0.00,0.00,0.00,0.00,1.00,0.00,0.00,41,132,1.00,0.00,0.02,0.04,0.00,0.00,0.00,0.00
175,4930,0,0,0,0,0,1,0,0,0,0,0,0,0,0,0,0,15,15,0.00,0.00,0.00,0.00,1.00,0.00,0.00,42,133,1.00,0.00,0.02,0.04,0.00,0.00,0.00,0.00
174,2651,0,0,0,0,0,1,0,0,0,0,0,0,0,0,0,0,1,3,0.00,0.00,0.00,0.00,1.00,0.00,0.67,43,134,1.00,0.00,0.02,0.04,0.00,0.00,0.00,0.00
227,1187,0,0,0,0,0,1,0,0,0,0,0,0,0,0,0,0,2,4,0.00,0.00,0.00,0.00,1.00,0.00,0.50,44,135,1.00,0.00,0.02,0.04,0.00,0.00,0.00,0.00
256,597,0,0,0,0,0,1,0,0,0,0,0,0,0,0,0,0,1,1,0.00,0.00,0.00,0.00,1.00,0.00,0.00,1,136,1.00,0.00,1.00,0.04,0.00,0.00,0.00,0.00
257,818,0,0,0,0,0,1,0,0,0,0,0,0,0,0,0,0,2,2,0.00,0.00,0.00,0.00,1.00,0.00,0.00,2,137,1.00,0.00,0.50,0.04,0.00,0.00,0.00,0.00
254,1564,0,0,0,0,0,1,0,0,0,0,0,0,0,0,0,0,3,3,0.00,0.00,0.00,0.00,1.00,0.00,0.00,3,138,1.00,0.00,0.33,0.04,0.00,0.00,0.00,0.00
256,1169,0,0,0,0,0,1,0,0,0,0,0,0,0,0,0,0,4,4,0.00,0.00,0.00,0.00,1.00,0.00,0.00,4,139,1.00,0.00,0.25,0.04,0.00,0.00,0.00,0.00
185,10820,0,0,0,0,0,1,0,0,0,0,0,0,0,0,0,0,5,5,0.00,0.00,0.00,0.00,1.00,0.00,0.00,5,140,1.00,0.00,0.20,0.04,0.00,0.00,0.00,0.00
253,1906,0,0,0,0,0,1,0,0,0,0,0,0,0,0,0,0,6,6,0.00,0.00,0.00,0.00,1.00,0.00,0.00,6,141,1.00,0.00,0.17,0.04,0.00,0.00,0.00,0.00
254,555,0,0,0,0,0,1,0,0,0,0,0,0,0,0,0,0,7,7,0.00,0.00,0.00,0.00,1.00,0.00,0.00,7,142,1.00,0.00,0.14,0.04,0.00,0.00,0.00,0.00
256,2595,0,0,0,0,0,1,0,0,0,0,0,0,0,0,0,0,8,8,0.00,0.00,0.00,0.00,1.00,0.00,0.00,8,143,1.00,0.00,0.12,0.04,0.00,0.00,0.00,0.00
236,3565,0,0,0,0,0,1,0,0,0,0,0,0,0,0,0,0,1,1,0.00,0.00,0.00,0.00,1.00,0.00,0.00,9,144,1.00,0.00,0.11,0.04,0.00,0.00,0.00,0.00
235,259,0,0,0,0,0,1,0,0,0,0,0,0,0,0,0,0,2,2,0.00,0.00,0.00,0.00,1.00,0.00,0.00,10,145,1.00,0.00,0.10,0.04,0.00,0.00,0.00,0.00
235,261,0,0,0,0,0,1,0,0,0,0,0,0,0,0,0,0,3,3,0.00,0.00,0.00,0.00,1.00,0.00,0.00,11,146,1.00,0.00,0.09,0.04,0.00,0.00,0.00,0.00
237,2728,0,0,0,0,0,1,0,0,0,0,0,0,0,0,0,0,4,4,0.00,0.00,0.00,0.00,1.00,0.00,0.00,12,147,1.00,0.00,0.08,0.04,0.00,0.00,0.00,0.00
234,255,0,0,0,0,0,1,0,0,0,0,0,0,0,0,0,0,5,5,0.00,0.00,0.00,0.00,1.00,0.00,0.00,13,148,1.00,0.00,0.08,0.04,0.00,0.00,0.00,0.00
241,259,0,0,0,0,0,1,0,0,0,0,0,0,0,0,0,0,1,1,0.00,0.00,0.00,0.00,1.00,0.00,0.00,14,149,1.00,0.00,0.07,0.04,0.00,0.00,0.00,0.00
254,849,0,0,0,0,0,1,0,0,0,0,0,0,0,0,0,0,2,2,0.00,0.00,0.00,0.00,1.00,0.00,0.00,15,150,1.00,0.00,0.07,0.04,0.00,0.00,0.00,0.00
241,261,0,0,0,0,0,1,0,0,0,0,0,0,0,0,0,0,3,3,0.00,0.00,0.00,0.00,1.00,0.00,0.00,16,151,1.00,0.00,0.06,0.04,0.00,0.00,0.00,0.00
254,555,0,0,0,0,0,1,0,0,0,0,0,0,0,0,0,0,4,4,0.00,0.00,0.00,0.00,1.00,0.00,0.00,17,152,1.00,0.00,0.06,0.04,0.00,0.00,0.00,0.00
241,261,0,0,0,0,0,1,0,0,0,0,0,0,0,0,0,0,5,5,0.00,0.00,0.00,0.00,1.00,0.00,0.00,18,153,1.00,0.00,0.06,0.04,0.00,0.00,0.00,0.00
241,261,0,0,0,0,0,1,0,0,0,0,0,0,0,0,0,0,6,6,0.00,0.00,0.00,0.00,1.00,0.00,0.00,19,154,1.00,0.00,0.05,0.04,0.00,0.00,0.00,0.00
243,2728,0,0,0,0,0,1,0,0,0,0,0,0,0,0,0,0,7,7,0.00,0.00,0.00,0.00,1.00,0.00,0.00,20,155,1.00,0.00,0.05,0.04,0.00,0.00,0.00,0.00
253,1906,0,0,0,0,0,1,0,0,0,0,0,0,0,0,0,0,8,8,0.00,0.00,0.00,0.00,1.00,0.00,0.00,21,156,1.00,0.00,0.05,0.04,0.00,0.00,0.00,0.00
256,2595,0,0,0,0,0,1,0,0,0,0,0,0,0,0,0,0,9,9,0.00,0.00,0.00,0.00,1.00,0.00,0.00,22,157,1.00,0.00,0.05,0.04,0.00,0.00,0.00,0.00
240,255,0,0,0,0,0,1,0,0,0,0,0,0,0,0,0,0,10,10,0.00,0.00,0.00,0.00,1.00,0.00,0.00,23,158,1.00,0.00,0.04,0.04,0.00,0.00,0.00,0.00
260,1837,0,0,0,0,0,1,0,0,0,0,0,0,0,0,0,0,11,11,0.00,0.00,0.00,0.00,1.00,0.00,0.00,24,159,1.00,0.00,0.04,0.04,0.00,0.00,0.00,0.00
256,597,0,0,0,0,0,1,0,0,0,0,0,0,0,0,0,0,12,12,0.00,0.00,0.00,0.00,1.00,0.00,0.00,25,160,1.00,0.00,0.04,0.04,0.00,0.00,0.00,0.00
257,818,0,0,0,0,0,1,0,0,0,0,0,0,0,0,0,0,13,13,0.00,0.00,0.00,0.00,1.00,0.00,0.00,26,161,1.00,0.00,0.04,0.04,0.00,0.00,0.00,0.00
254,1564,0,0,0,0,0,1,0,0,0,0,0,0,0,0,0,0,14,14,0.00,0.00,0.00,0.00,1.00,0.00,0.00,27,162,1.00,0.00,0.04,0.04,0.00,0.00,0.00,0.00
256,1169,0,0,0,0,0,1,0,0,0,0,0,0,0,0,0,0,15,15,0.00,0.00,0.00,0.00,1.00,0.00,0.00,28,163,1.00,0.00,0.04,0.04,0.00,0.00,0.00,0.00
226,352,0,0,0,0,0,1,0,0,0,0,0,0,0,0,0,0,16,16,0.00,0.00,0.00,0.00,1.00,0.00,0.00,29,164,1.00,0.00,0.03,0.04,0.00,0.00,0.00,0.00
185,10820,0,0,0,0,0,1,0,0,0,0,0,0,0,0,0,0,17,17,0.00,0.00,0.00,0.00,1.00,0.00,0.00,30,165,1.00,0.00,0.03,0.04,0.00,0.00,0.00,0.00
255,962,0,0,0,0,0,1,0,0,0,0,0,0,0,0,0,0,18,18,0.00,0.00,0.00,0.00,1.00,0.00,0.00,31,166,1.00,0.00,0.03,0.04,0.00,0.00,0.00,0.00
253,426,0,0,0,0,0,1,0,0,0,0,0,0,0,0,0,0,19,19,0.00,0.00,0.00,0.00,1.00,0.00,0.00,32,167,1.00,0.00,0.03,0.04,0.00,0.00,0.00,0.00
254,849,0,0,0,0,0,1,0,0,0,0,0,0,0,0,0,0,1,1,0.00,0.00,0.00,0.00,1.00,0.00,0.00,33,168,1.00,0.00,0.03,0.04,0.00,0.00,0.00,0.00
241,261,0,0,0,0,0,1,0,0,0,0,0,0,0,0,0,0,2,2,0.00,0.00,0.00,0.00,1.00,0.00,0.00,34,169,1.00,0.00,0.03,0.04,0.00,0.00,0.00,0.00
254,555,0,0,0,0,0,1,0,0,0,0,0,0,0,0,0,0,3,3,0.00,0.00,0.00,0.00,1.00,0.00,0.00,35,170,1.00,0.00,0.03,0.04,0.00,0.00,0.00,0.00
241,259,0,0,0,0,0,1,0,0,0,0,0,0,0,0,0,0,4,4,0.00,0.00,0.00,0.00,1.00,0.00,0.00,36,171,1.00,0.00,0.03,0.04,0.00,0.00,0.00,0.00
241,261,0,0,0,0,0,1,0,0,0,0,0,0,0,0,0,0,5,5,0.00,0.00,0.00,0.00,1.00,0.00,0.00,37,172,1.00,0.00,0.03,0.03,0.00,0.00,0.00,0.00
243,2728,0,0,0,0,0,1,0,0,0,0,0,0,0,0,0,0,6,6,0.00,0.00,0.00,0.00,1.00,0.00,0.00,38,173,1.00,0.00,0.03,0.03,0.00,0.00,0.00,0.00
255,962,0,0,0,0,0,1,0,0,0,0,0,0,0,0,0,0,7,7,0.00,0.00,0.00,0.00,1.00,0.00,0.00,39,174,1.00,0.00,0.03,0.03,0.00,0.00,0.00,0.00
256,2595,0,0,0,0,0,1,0,0,0,0,0,0,0,0,0,0,8,8,0.00,0.00,0.00,0.00,1.00,0.00,0.00,40,175,1.00,0.00,0.03,0.03,0.00,0.00,0.00,0.00
240,255,0,0,0,0,0,1,0,0,0,0,0,0,0,0,0,0,9,9,0.00,0.00,0.00,0.00,1.00,0.00,0.00,41,176,1.00,0.00,0.02,0.03,0.00,0.00,0.00,0.00
260,1837,0,0,0,0,0,1,0,0,0,0,0,0,0,0,0,0,10,10,0.00,0.00,0.00,0.00,1.00,0.00,0.00,42,177,1.00,0.00,0.02,0.03,0.00,0.00,0.00,0.00
256,597,0,0,0,0,0,1,0,0,0,0,0,0,0,0,0,0,11,11,0.00,0.00,0.00,0.00,1.00,0.00,0.00,43,178,1.00,0.00,0.02,0.03,0.00,0.00,0.00,0.00
257,818,0,0,0,0,0,1,0,0,0,0,0,0,0,0,0,0,12,12,0.00,0.00,0.00,0.00,1.00,0.00,0.00,44,179,1.00,0.00,0.02,0.03,0.00,0.00,0.00,0.00
254,1564,0,0,0,0,0,1,0,0,0,0,0,0,0,0,0,0,13,13,0.00,0.00,0.00,0.00,1.00,0.00,0.00,45,180,1.00,0.00,0.02,0.03,0.00,0.00,0.00,0.00
256,1169,0,0,0,0,0,1,0,0,0,0,0,0,0,0,0,0,14,14,0.00,0.00,0.00,0.00,1.00,0.00,0.00,46,181,1.00,0.00,0.02,0.03,0.00,0.00,0.00,0.00
185,10820,0,0,0,0,0,1,0,0,0,0,0,0,0,0,0,0,15,15,0.00,0.00,0.00,0.00,1.00,0.00,0.00,47,182,1.00,0.00,0.02,0.03,0.00,0.00,0.00,0.00
175,352,0,0,0,0,0,1,0,0,0,0,0,0,0,0,0,0,16,16,0.00,0.00,0.00,0.00,1.00,0.00,0.00,48,183,1.00,0.00,0.02,0.03,0.00,0.00,0.00,0.00
225,332,0,0,0,0,0,1,0,0,0,0,0,0,0,0,0,0,17,17,0.00,0.00,0.00,0.00,1.00,0.00,0.00,49,184,1.00,0.00,0.02,0.03,0.00,0.00,0.00,0.00
253,426,0,0,0,0,0,1,0,0,0,0,0,0,0,0,0,0,18,18,0.00,0.00,0.00,0.00,1.00,0.00,0.00,50,185,1.00,0.00,0.02,0.03,0.00,0.00,0.00,0.00
253,1906,0,0,0,0,0,1,0,0,0,0,0,0,0,0,0,0,19,19,0.00,0.00,0.00,0.00,1.00,0.00,0.00,51,186,1.00,0.00,0.02,0.03,0.00,0.00,0.00,0.00
241,261,0,0,0,0,0,1,0,0,0,0,0,0,0,0,0,0,20,20,0.00,0.00,0.00,0.00,1.00,0.00,0.00,52,187,1.00,0.00,0.02,0.03,0.00,0.00,0.00,0.00
229,2611,0,0,0,0,0,1,0,0,0,0,0,0,0,0,0,0,1,7,0.00,0.00,0.00,0.00,1.00,0.00,0.29,53,188,1.00,0.00,0.02,0.03,0.00,0.00,0.00,0.00
233,255,0,0,0,0,0,1,0,0,0,0,0,0,0,0,0,0,2,8,0.00,0.00,0.00,0.00,1.00,0.00,0.25,54,189,1.00,0.00,0.02,0.03,0.00,0.00,0.00,0.00
234,259,0,0,0,0,0,1,0,0,0,0,0,0,0,0,0,0,3,9,0.00,0.00,0.00,0.00,1.00,0.00,0.22,55,190,1.00,0.00,0.02,0.03,0.00,0.00,0.00,0.00
234,261,0,0,0,0,0,1,0,0,0,0,0,0,0,0,0,0,4,10,0.00,0.00,0.00,0.00,1.00,0.00,0.20,56,191,1.00,0.00,0.02,0.03,0.00,0.00,0.00,0.00
236,2728,0,0,0,0,0,1,0,0,0,0,0,0,0,0,0,0,5,11,0.00,0.00,0.00,0.00,1.00,0.00,0.18,57,192,1.00,0.00,0.02,0.03,0.00,0.00,0.00,0.00
178,11078,0,0,0,0,0,1,0,0,0,0,0,0,0,0,0,0,1,1,0.00,0.00,0.00,0.00,1.00,0.00,0.00,58,193,1.00,0.00,0.02,0.03,0.00,0.00,0.00,0.00
260,16811,0,0,0,0,0,1,0,0,0,0,0,0,0,0,0,0,2,2,0.00,0.00,0.00,0.00,1.00,0.00,0.00,59,194,1.00,0.00,0.02,0.03,0.00,0.00,0.00,0.00
233,4937,0,0,0,0,0,1,0,0,0,0,0,0,0,0,0,0,3,3,0.00,0.00,0.00,0.00,1.00,0.00,0.00,60,195,1.00,0.00,0.02,0.03,0.00,0.00,0.00,0.00
233,4419,0,0,0,0,0,1,0,0,0,0,0,0,0,0,0,0,4,4,0.00,0.00,0.00,0.00,1.00,0.00,0.00,61,196,1.00,0.00,0.02,0.03,0.00,0.00,0.00,0.00
233,11499,0,0,0,0,0,1,0,0,0,0,0,0,0,0,0,0,5,5,0.00,0.00,0.00,0.00,1.00,0.00,0.00,62,197,1.00,0.00,0.02,0.03,0.00,0.00,0.00,0.00
230,562,0,0,0,0,0,1,0,0,0,0,0,0,0,0,0,0,6,6,0.00,0.00,0.00,0.00,1.00,0.00,0.00,63,198,1.00,0.00,0.02,0.03,0.00,0.00,0.00,0.00
233,504,0,0,0,0,0,1,0,0,0,0,0,0,0,0,0,0,7,7,0.00,0.00,0.00,0.00,1.00,0.00,0.00,64,199,1.00,0.00,0.02,0.03,0.00,0.00,0.00,0.00
232,1661,0,0,0,0,0,1,0,0,0,0,0,0,0,0,0,0,8,8,0.00,0.00,0.00,0.00,1.00,0.00,0.00,65,200,1.00,0.00,0.02,0.03,0.00,0.00,0.00,0.00
230,497,0,0,0,0,0,1,0,0,0,0,0,0,0,0,0,0,9,9,0.00,0.00,0.00,0.00,1.00,0.00,0.00,66,201,1.00,0.00,0.02,0.03,0.00,0.00,0.00,0.00
240,647,0,0,0,0,0,1,0,0,0,0,0,0,0,0,0,0,10,10,0.00,0.00,0.00,0.00,1.00,0.00,0.00,67,202,1.00,0.00,0.01,0.03,0.00,0.00,0.00,0.00
233,1588,0,0,0,0,0,1,0,0,0,0,0,0,0,0,0,0,11,11,0.00,0.00,0.00,0.00,1.00,0.00,0.00,68,203,1.00,0.00,0.01,0.03,0.00,0.00,0.00,0.00
230,490,0,0,0,0,0,1,0,0,0,0,0,0,0,0,0,0,12,12,0.00,0.00,0.00,0.00,1.00,0.00,0.00,69,204,1.00,0.00,0.01,0.03,0.00,0.00,0.00,0.00
230,561,0,0,0,0,0,1,0,0,0,0,0,0,0,0,0,0,13,13,0.00,0.00,0.00,0.00,1.00,0.00,0.00,70,205,1.00,0.00,0.01,0.03,0.00,0.00,0.00,0.00
159,338,0,0,0,0,0,1,0,0,0,0,0,0,0,0,0,0,14,14,0.00,0.00,0.00,0.00,1.00,0.00,0.00,71,206,1.00,0.00,0.01,0.03,0.00,0.00,0.00,0.00
230,646,0,0,0,0,0,1,0,0,0,0,0,0,0,0,0,0,15,15,0.00,0.00,0.00,0.00,1.00,0.00,0.00,72,207,1.00,0.00,0.01,0.03,0.00,0.00,0.00,0.00
232,268,0,0,0,0,0,1,0,0,0,0,0,0,0,0,0,0,16,16,0.00,0.00,0.00,0.00,1.00,0.00,0.00,73,208,1.00,0.00,0.01,0.03,0.00,0.00,0.00,0.00
256,1273,0,0,0,0,0,1,0,0,0,0,0,0,0,0,0,0,17,17,0.00,0.00,0.00,0.00,1.00,0.00,0.00,74,209,1.00,0.00,0.01,0.03,0.00,0.00,0.00,0.00
230,643,0,0,0,0,0,1,0,0,0,0,0,0,0,0,0,0,18,18,0.00,0.00,0.00,0.00,1.00,0.00,0.00,75,210,1.00,0.00,0.01,0.03,0.00,0.00,0.00,0.00
235,9437,0,0,0,0,0,1,0,0,0,0,0,0,0,0,0,0,19,19,0.00,0.00,0.00,0.00,1.00,0.00,0.00,76,211,1.00,0.00,0.01,0.03,0.00,0.00,0.00,0.00
230,506,0,0,0,0,0,1,0,0,0,0,0,0,0,0,0,0,20,20,0.00,0.00,0.00,0.00,1.00,0.00,0.00,77,212,1.00,0.00,0.01,0.03,0.00,0.00,0.00,0.00
230,591,0,0,0,0,0,1,0,0,0,0,0,0,0,0,0,0,21,21,0.00,0.00,0.00,0.00,1.00,0.00,0.00,78,213,1.00,0.00,0.01,0.03,0.00,0.00,0.00,0.00
230,795,0,0,0,0,0,1,0,0,0,0,0,0,0,0,0,0,22,22,0.00,0.00,0.00,0.00,1.00,0.00,0.00,79,214,1.00,0.00,0.01,0.03,0.00,0.00,0.00,0.00
225,3565,0,0,0,0,0,1,0,0,0,0,0,0,0,0,0,0,1,1,0.00,0.00,0.00,0.00,1.00,0.00,0.00,80,215,1.00,0.00,0.01,0.03,0.00,0.00,0.00,0.00
235,259,0,0,0,0,0,1,0,0,0,0,0,0,0,0,0,0,2,2,0.00,0.00,0.00,0.00,1.00,0.00,0.00,81,216,1.00,0.00,0.01,0.03,0.00,0.00,0.00,0.00
235,261,0,0,0,0,0,1,0,0,0,0,0,0,0,0,0,0,3,3,0.00,0.00,0.00,0.00,1.00,0.00,0.00,82,217,1.00,0.00,0.01,0.03,0.00,0.00,0.00,0.00
237,2728,0,0,0,0,0,1,0,0,0,0,0,0,0,0,0,0,4,4,0.00,0.00,0.00,0.00,1.00,0.00,0.00,83,218,1.00,0.00,0.01,0.03,0.00,0.00,0.00,0.00
234,255,0,0,0,0,0,1,0,0,0,0,0,0,0,0,0,0,5,5,0.00,0.00,0.00,0.00,1.00,0.00,0.00,84,219,1.00,0.00,0.01,0.03,0.00,0.00,0.00,0.00
234,261,0,0,0,0,0,1,0,0,0,0,0,0,0,0,0,0,1,1,0.00,0.00,0.00,0.00,1.00,0.00,0.00,85,220,1.00,0.00,0.01,0.03,0.00,0.00,0.00,0.00
236,2728,0,0,0,0,0,1,0,0,0,0,0,0,0,0,0,0,2,2,0.00,0.00,0.00,0.00,1.00,0.00,0.00,86,221,1.00,0.00,0.01,0.03,0.00,0.00,0.00,0.00
233,255,0,0,0,0,0,1,0,0,0,0,0,0,0,0,0,0,3,3,0.00,0.00,0.00,0.00,1.00,0.00,0.00,87,222,1.00,0.00,0.01,0.03,0.00,0.00,0.00,0.00
229,4287,0,0,0,0,0,1,0,0,0,0,0,0,0,0,0,0,4,4,0.00,0.00,0.00,0.00,1.00,0.00,0.00,88,223,1.00,0.00,0.01,0.03,0.00,0.00,0.00,0.00
238,1110,0,0,0,0,0,1,0,0,0,0,0,0,0,0,0,0,5,5,0.00,0.00,0.00,0.00,1.00,0.00,0.00,89,224,1.00,0.00,0.01,0.03,0.00,0.00,0.00,0.00
234,259,0,0,0,0,0,1,0,0,0,0,0,0,0,0,0,0,6,6,0.00,0.00,0.00,0.00,1.00,0.00,0.00,90,225,1.00,0.00,0.01,0.03,0.00,0.00,0.00,0.00
243,2728,0,0,0,0,0,1,0,0,0,0,0,0,0,0,0,0,9,9,0.00,0.00,0.00,0.00,1.00,0.00,0.00,91,226,1.00,0.00,0.01,0.03,0.00,0.00,0.00,0.00
255,962,0,0,0,0,0,1,0,0,0,0,0,0,0,0,0,0,10,10,0.00,0.00,0.00,0.00,1.00,0.00,0.00,92,227,1.00,0.00,0.01,0.03,0.00,0.00,0.00,0.00
253,426,0,0,0,0,0,1,0,0,0,0,0,0,0,0,0,0,11,11,0.00,0.00,0.00,0.00,1.00,0.00,0.00,93,228,1.00,0.00,0.01,0.03,0.00,0.00,0.00,0.00
241,259,0,0,0,0,0,1,0,0,0,0,0,0,0,0,0,0,12,12,0.00,0.00,0.00,0.00,1.00,0.00,0.00,94,229,1.00,0.00,0.01,0.03,0.00,0.00,0.00,0.00
254,849,0,0,0,0,0,1,0,0,0,0,0,0,0,0,0,0,13,13,0.00,0.00,0.00,0.00,1.00,0.00,0.00,95,230,1.00,0.00,0.01,0.03,0.00,0.00,0.00,0.00
241,261,0,0,0,0,0,1,0,0,0,0,0,0,0,0,0,0,14,14,0.00,0.00,0.00,0.00,1.00,0.00,0.00,96,231,1.00,0.00,0.01,0.03,0.00,0.00,0.00,0.00
225,352,0,0,0,0,0,1,0,0,0,0,0,0,0,0,0,0,15,15,0.00,0.00,0.00,0.00,1.00,0.00,0.00,97,232,1.00,0.00,0.01,0.03,0.00,0.00,0.00,0.00
241,261,0,0,0,0,0,1,0,0,0,0,0,0,0,0,0,0,16,16,0.00,0.00,0.00,0.00,1.00,0.00,0.00,98,233,1.00,0.00,0.01,0.03,0.00,0.00,0.00,0.00
241,261,0,0,0,0,0,1,0,0,0,0,0,0,0,0,0,0,17,17,0.00,0.00,0.00,0.00,1.00,0.00,0.00,99,234,1.00,0.00,0.01,0.03,0.00,0.00,0.00,0.00
240,255,0,0,0,0,0,1,0,0,0,0,0,0,0,0,0,0,18,18,0.00,0.00,0.00,0.00,1.00,0.00,0.00,100,235,1.00,0.00,0.01,0.03,0.00,0.00,0.00,0.00
260,1837,0,0,0,0,0,1,0,0,0,0,0,0,0,0,0,0,19,19,0.00,0.00,0.00,0.00,1.00,0.00,0.00,101,236,1.00,0.00,0.01,0.03,0.00,0.00,0.00,0.00
246,1962,0,0,0,0,0,1,0,0,0,0,0,0,0,0,0,0,1,1,0.00,0.00,0.00,0.00,1.00,0.00,0.00,1,237,1.00,0.00,1.00,0.03,0.00,0.00,0.00,0.00
246,2050,0,0,0,0,0,1,0,0,0,0,0,0,0,0,0,0,2,2,0.00,0.00,0.00,0.00,1.00,0.00,0.00,2,238,1.00,0.00,0.50,0.03,0.00,0.00,0.00,0.00
239,968,0,0,0,0,0,1,0,0,0,0,0,0,0,0,0,0,3,3,0.00,0.00,0.00,0.00,1.00,0.00,0.00,3,239,1.00,0.00,0.33,0.03,0.00,0.00,0.00,0.00
245,2823,0,0,0,0,0,1,0,0,0,0,0,0,0,0,0,0,4,4,0.00,0.00,0.00,0.00,1.00,0.00,0.00,4,240,1.00,0.00,0.25,0.03,0.00,0.00,0.00,0.00
245,1920,0,0,0,0,0,1,0,0,0,0,0,0,0,0,0,0,5,5,0.00,0.00,0.00,0.00,1.00,0.00,0.00,5,241,1.00,0.00,0.20,0.03,0.00,0.00,0.00,0.00
242,1744,0,0,0,0,0,1,0,0,0,0,0,0,0,0,0,0,6,6,0.00,0.00,0.00,0.00,1.00,0.00,0.00,6,242,1.00,0.00,0.17,0.03,0.00,0.00,0.00,0.00
165,3600,0,0,0,0,0,1,0,0,0,0,0,0,0,0,0,0,7,7,0.00,0.00,0.00,0.00,1.00,0.00,0.00,7,243,1.00,0.00,0.14,0.03,0.00,0.00,0.00,0.00
245,3630,0,0,0,0,0,1,0,0,0,0,0,0,0,0,0,0,8,8,0.00,0.00,0.00,0.00,1.00,0.00,0.00,8,244,1.00,0.00,0.12,0.03,0.00,0.00,0.00,0.00
174,1841,0,0,0,0,0,1,0,0,0,0,0,0,0,0,0,0,9,9,0.00,0.00,0.00,0.00,1.00,0.00,0.00,9,245,1.00,0.00,0.11,0.03,0.00,0.00,0.00,0.00
286,550,0,0,0,0,0,1,0,0,0,0,0,0,0,0,0,0,10,10,0.00,0.00,0.00,0.00,1.00,0.00,0.00,10,246,1.00,0.00,0.10,0.03,0.00,0.00,0.00,0.00
214,1271,0,0,0,0,0,1,0,0,0,0,0,0,0,0,0,0,11,11,0.00,0.00,0.00,0.00,1.00,0.00,0.00,11,247,1.00,0.00,0.09,0.03,0.00,0.00,0.00,0.00
243,1855,0,0,0,0,0,1,0,0,0,0,0,0,1,0,0,0,12,12,0.00,0.00,0.00,0.00,1.00,0.00,0.00,12,248,1.00,0.00,0.08,0.03,0.00,0.00,0.00,0.00
245,1919,0,0,0,0,0,1,0,0,0,0,0,0,0,0,0,0,13,13,0.00,0.00,0.00,0.00,1.00,0.00,0.00,13,249,1.00,0.00,0.08,0.03,0.00,0.00,0.00,0.00
224,61552,0,0,0,0,0,1,0,0,0,0,0,0,0,0,0,0,14,14,0.00,0.00,0.00,0.00,1.00,0.00,0.00,14,250,1.00,0.00,0.07,0.03,0.00,0.00,0.00,0.00
251,294,0,0,0,0,0,1,0,0,0,0,0,0,0,0,0,0,15,15,0.00,0.00,0.00,0.00,1.00,0.00,0.00,15,251,1.00,0.00,0.07,0.03,0.00,0.00,0.00,0.00
174,618,0,0,0,0,0,1,0,0,0,0,0,0,0,0,0,0,16,16,0.00,0.00,0.00,0.00,1.00,0.00,0.00,16,252,1.00,0.00,0.06,0.03,0.00,0.00,0.00,0.00
239,968,0,0,0,0,0,1,0,0,0,0,0,0,0,0,0,0,17,17,0.00,0.00,0.00,0.00,1.00,0.00,0.00,17,253,1.00,0.00,0.06,0.03,0.00,0.00,0.00,0.00
179,861,0,0,0,0,0,1,0,0,0,0,0,0,0,0,0,0,18,18,0.00,0.00,0.00,0.00,1.00,0.00,0.00,18,254,1.00,0.00,0.06,0.03,0.00,0.00,0.00,0.00
244,968,0,0,0,0,0,1,0,0,0,0,0,0,0,0,0,0,19,19,0.00,0.00,0.00,0.00,1.00,0.00,0.00,19,255,1.00,0.00,0.05,0.03,0.00,0.00,0.00,0.00
279,550,0,0,0,0,0,1,0,0,0,0,0,0,0,0,0,0,20,20,0.00,0.00,0.00,0.00,1.00,0.00,0.00,20,255,1.00,0.00,0.05,0.03,0.00,0.00,0.00,0.00
233,61552,0,0,0,0,0,1,0,0,0,0,0,0,0,0,0,0,21,21,0.00,0.00,0.00,0.00,1.00,0.00,0.00,21,255,1.00,0.00,0.05,0.03,0.00,0.00,0.00,0.00
174,1588,0,0,0,0,0,1,0,0,0,0,0,0,0,0,0,0,22,22,0.00,0.00,0.00,0.00,1.00,0.00,0.00,22,255,1.00,0.00,0.05,0.03,0.00,0.00,0.00,0.00
248,2129,0,0,0,0,0,1,0,0,0,0,0,0,0,0,0,0,23,23,0.00,0.00,0.00,0.00,1.00,0.00,0.00,23,255,1.00,0.00,0.04,0.03,0.00,0.00,0.00,0.00
223,1271,0,0,0,0,0,1,0,0,0,0,0,0,0,0,0,0,24,24,0.00,0.00,0.00,0.00,1.00,0.00,0.00,24,255,1.00,0.00,0.04,0.03,0.00,0.00,0.00,0.00
245,2047,0,0,0,0,0,1,0,0,0,0,0,0,0,0,0,0,25,25,0.00,0.00,0.00,0.00,1.00,0.00,0.00,25,255,1.00,0.00,0.04,0.03,0.00,0.00,0.00,0.00
243,3174,0,0,0,0,0,1,0,0,0,0,0,0,0,0,0,0,26,26,0.00,0.00,0.00,0.00,1.00,0.00,0.00,26,255,1.00,0.00,0.04,0.03,0.00,0.00,0.00,0.00
161,7714,0,0,0,0,0,1,0,0,0,0,0,0,0,0,0,0,1,1,0.00,0.00,0.00,0.00,1.00,0.00,0.00,1,255,1.00,0.00,1.00,0.03,0.00,0.00,0.00,0.00
262,7714,0,0,0,0,0,1,0,0,0,0,0,0,0,0,0,0,1,4,0.00,0.00,0.00,0.00,1.00,0.00,0.50,2,255,1.00,0.00,0.50,0.03,0.00,0.00,0.00,0.00
221,2025,0,0,0,0,0,1,0,0,0,0,0,0,0,0,0,0,1,1,0.00,0.00,0.00,0.00,1.00,0.00,0.00,1,255,1.00,0.00,1.00,0.04,0.00,0.00,0.00,0.00
217,63479,0,0,0,0,0,1,0,0,0,0,0,0,0,0,0,0,2,2,0.00,0.00,0.00,0.00,1.00,0.00,0.00,2,255,1.00,0.00,0.50,0.04,0.00,0.00,0.00,0.00
253,1752,0,0,0,0,0,1,0,0,0,0,0,0,0,0,0,0,3,3,0.00,0.00,0.00,0.00,1.00,0.00,0.00,3,255,1.00,0.00,0.33,0.04,0.00,0.00,0.00,0.00
318,63479,0,0,0,0,0,1,0,0,0,0,0,0,0,0,0,0,1,1,0.00,0.00,0.00,0.00,1.00,0.00,0.00,4,255,1.00,0.00,0.25,0.04,0.00,0.00,0.00,0.00
354,1752,0,0,0,0,0,1,0,0,0,0,0,0,0,0,0,0,2,2,0.00,0.00,0.00,0.00,1.00,0.00,0.00,5,255,1.00,0.00,0.20,0.04,0.00,0.00,0.00,0.00
322,2025,0,0,0,0,0,1,0,0,0,0,0,0,0,0,0,0,3,3,0.00,0.00,0.00,0.00,1.00,0.00,0.00,6,255,1.00,0.00,0.17,0.04,0.00,0.00,0.00,0.00
167,350,0,0,0,0,0,1,0,0,0,0,0,0,0,0,0,0,1,1,0.00,0.00,0.00,0.00,1.00,0.00,0.00,1,255,1.00,0.00,1.00,0.04,0.00,0.00,0.00,0.00
207,621,0,0,0,0,0,1,0,0,0,0,0,0,0,0,0,0,1,1,0.00,0.00,0.00,0.00,1.00,0.00,0.00,1,255,1.00,0.00,1.00,0.04,0.00,0.00,0.00,0.00
206,9150,0,0,0,0,0,1,0,0,0,0,0,0,0,0,0,0,2,2,0.00,0.00,0.00,0.00,1.00,0.00,0.00,2,255,1.00,0.00,0.50,0.04,0.00,0.00,0.00,0.00
207,8690,0,0,0,0,0,1,0,0,0,0,0,0,0,0,0,0,3,3,0.00,0.00,0.00,0.00,1.00,0.00,0.00,3,255,1.00,0.00,0.33,0.04,0.00,0.00,0.00,0.00
208,4106,0,0,0,0,0,1,0,0,0,0,0,0,0,0,0,0,4,4,0.00,0.00,0.00,0.00,1.00,0.00,0.00,4,255,1.00,0.00,0.25,0.04,0.00,0.00,0.00,0.00
206,16224,0,0,0,0,0,1,0,0,0,0,0,0,0,0,0,0,5,5,0.00,0.00,0.00,0.00,1.00,0.00,0.00,5,255,1.00,0.00,0.20,0.04,0.00,0.00,0.00,0.00
163,4192,0,0,0,0,0,1,0,0,0,0,0,0,0,0,0,0,6,6,0.00,0.00,0.00,0.00,1.00,0.00,0.00,6,255,1.00,0.00,0.17,0.04,0.00,0.00,0.00,0.00
266,5060,0,0,0,0,0,1,0,0,0,0,0,0,0,0,0,0,1,3,0.00,0.00,0.00,0.00,1.00,0.00,0.67,1,255,1.00,0.00,1.00,0.05,0.00,0.00,0.00,0.00
193,3991,0,0,0,0,0,1,0,0,0,0,0,0,0,0,0,0,1,1,0.00,0.00,0.00,0.00,1.00,0.00,0.00,1,255,1.00,0.00,1.00,0.05,0.00,0.00,0.00,0.00
202,38467,0,0,0,0,0,1,0,0,0,0,0,0,0,0,0,0,2,2,0.00,0.00,0.00,0.00,1.00,0.00,0.00,2,255,1.00,0.00,0.50,0.05,0.00,0.00,0.00,0.00
202,4422,0,0,0,0,0,1,0,0,0,0,0,0,0,0,0,0,1,1,0.00,0.00,0.00,0.00,1.00,0.00,0.00,3,255,1.00,0.00,0.33,0.05,0.00,0.00,0.00,0.00
200,1061,0,0,0,0,0,1,0,0,0,0,0,0,0,0,0,0,2,3,0.00,0.00,0.00,0.00,1.00,0.00,0.67,4,255,1.00,0.00,0.25,0.05,0.00,0.00,0.00,0.00
202,48657,0,0,0,0,0,1,0,0,0,0,0,0,0,0,0,0,3,4,0.00,0.00,0.00,0.00,1.00,0.00,0.50,5,255,1.00,0.00,0.20,0.05,0.00,0.00,0.00,0.00
203,1626,0,0,0,0,0,1,0,0,0,0,0,0,0,0,0,0,1,12,0.00,0.00,0.00,0.00,1.00,0.00,0.25,6,255,1.00,0.00,0.17,0.05,0.00,0.00,0.00,0.00
212,460,0,0,0,0,0,1,0,0,0,0,0,0,0,0,0,0,2,13,0.00,0.00,0.00,0.00,1.00,0.00,0.23,7,255,1.00,0.00,0.14,0.05,0.00,0.00,0.00,0.00
212,1309,0,0,0,0,0,1,0,0,0,0,0,0,0,0,0,0,3,14,0.00,0.00,0.00,0.00,1.00,0.00,0.21,8,255,1.00,0.00,0.12,0.05,0.00,0.00,0.00,0.00
211,1260,0,0,0,0,0,1,0,0,0,0,0,0,0,0,0,0,4,4,0.00,0.00,0.00,0.00,1.00,0.00,0.00,9,255,1.00,0.00,0.11,0.05,0.00,0.00,0.00,0.00
211,1269,0,0,0,0,0,1,0,0,0,0,0,0,0,0,0,0,5,5,0.00,0.00,0.00,0.00,1.00,0.00,0.00,10,255,1.00,0.00,0.10,0.05,0.00,0.00,0.00,0.00
214,14959,0,0,0,0,0,1,0,0,0,0,0,0,0,0,0,0,6,6,0.00,0.00,0.00,0.00,1.00,0.00,0.00,11,255,1.00,0.00,0.09,0.05,0.00,0.00,0.00,0.00
213,1387,0,0,0,0,0,1,0,0,0,0,0,0,0,0,0,0,7,7,0.00,0.00,0.00,0.00,1.00,0.00,0.00,12,255,1.00,0.00,0.08,0.05,0.00,0.00,0.00,0.00
213,1226,0,0,0,0,0,1,0,0,0,0,0,0,0,0,0,0,8,8,0.00,0.00,0.00,0.00,1.00,0.00,0.00,13,255,1.00,0.00,0.08,0.05,0.00,0.00,0.00,0.00
215,4422,0,0,0,0,0,1,0,0,0,0,0,0,0,0,0,0,9,9,0.00,0.00,0.00,0.00,1.00,0.00,0.00,14,255,1.00,0.00,0.07,0.05,0.00,0.00,0.00,0.00
159,3991,0,0,0,0,0,1,0,0,0,0,0,0,0,0,0,0,1,15,0.00,0.00,0.00,0.00,1.00,0.00,0.13,15,255,1.00,0.00,0.07,0.05,0.00,0.00,0.00,0.00
202,38467,0,0,0,0,0,1,0,0,0,0,0,0,0,0,0,0,2,17,0.00,0.00,0.00,0.00,1.00,0.00,0.12,16,255,1.00,0.00,0.06,0.05,0.00,0.00,0.00,0.00
200,1061,0,0,0,0,0,1,0,0,0,0,0,0,0,0,0,0,3,22,0.00,0.00,0.00,0.00,1.00,0.00,0.14,17,255,1.00,0.00,0.06,0.05,0.00,0.00,0.00,0.00
202,48657,0,0,0,0,0,1,0,0,0,0,0,0,0,0,0,0,4,23,0.00,0.00,0.00,0.00,1.00,0.00,0.13,18,255,1.00,0.00,0.06,0.05,0.00,0.00,0.00,0.00
202,4422,0,0,0,0,0,1,0,0,0,0,0,0,0,0,0,0,5,24,0.00,0.00,0.00,0.00,1.00,0.00,0.12,19,255,1.00,0.00,0.05,0.05,0.00,0.00,0.00,0.00
212,460,0,0,0,0,0,1,0,0,0,0,0,0,0,0,0,0,1,9,0.00,0.00,0.00,0.00,1.00,0.00,0.22,20,255,1.00,0.00,0.05,0.05,0.00,0.00,0.00,0.00
212,1309,0,0,0,0,0,1,0,0,0,0,0,0,0,0,0,0,2,10,0.00,0.00,0.00,0.00,1.00,0.00,0.20,21,255,1.00,0.00,0.05,0.05,0.00,0.00,0.00,0.00